case,dtype,seed,step,kernel_ms,event_ms,longest_tile,memory_guard_bytes,status
single-card-gemm-m4096-k1024-n4096-ncx,bfloat16,20260803,1,1.834,3.135,12,28032,passed
attention-prefill-28-heads-2048-ncx,bfloat16,20260922,1,2.447,3.562,10,21824,passed
attention-prefill-28-heads-2048,bfloat16,20260922,1,2.675,3.766,9,21824,passed
single-card-gemm-4096,bfloat16,20260803,1,6.01,7.602,12,28032,passed
single-card-gemm-4096,float16,20260803,1,6.0,7.363,12,28032,passed
single-card-gemm-tail-4097,float16,20260803,1,7.366,8.881,12,28794,passed
llama-2-7b-block,bfloat16,20260803,1,4.194,7.336,7,480512,passed
llama-2-7b-block,float16,20260803,1,4.168,7.352,7,480512,passed
all-reduce-sum,float16,20260803,1,0.039,0.979,12,20800,passed
all-reduce-sum-tail-1025,float16,20260803,1,0.039,1.023,7,21472,passed
all-reduce-sum-tail-1031,float16,20260803,1,0.037,0.93,6,20896,passed
allgather-add,float16,20260803,1,0.033,1.069,8,20800,passed
allgather-add-tail-1025,float16,20260803,1,0.032,0.957,8,21024,passed
allgather-add-tail-1031,float16,20260803,1,0.034,0.926,9,20832,passed
alltoall-transpose,float16,20260803,1,0.381,1.288,11,20800,passed
alltoall-transpose-tail-1025,float16,20260803,1,0.452,8.568,11,21504,passed
alltoall-transpose-tail-1031,float16,20260803,1,0.43,1.369,4,20736,passed
attention-causal-decode-two-tokens,bfloat16,20260803,1,0.097,2.462,0,36208,passed
attention-causal-decode-two-tokens,float16,20260803,1,0.093,1.123,0,36208,passed
attention-decode-kv-cache,bfloat16,20260803,1,1.656,3.612,14,166528,passed
attention-decode-kv-cache,bfloat16,20260803,2,1.704,3.742,8,123806,passed
attention-decode-kv-cache,float16,20260803,1,1.616,4.73,14,166528,passed
attention-decode-kv-cache,float16,20260803,2,1.737,6.286,4,123806,passed
attention-decode-kv-cache-long-4096,bfloat16,20260803,1,5.127,10.034,7,123554,passed
attention-decode-kv-cache-long-4096,bfloat16,20260803,2,5.198,8.53,7,123552,passed
attention-decode-kv-cache-long-4096,float16,20260803,1,5.104,10.842,11,123554,passed
attention-decode-kv-cache-long-4096,float16,20260803,2,5.132,9.058,11,123552,passed
attention-fully-masked,bfloat16,20260803,1,0.106,1.104,12,22331,passed
attention-fully-masked,float16,20260803,1,0.118,1.057,14,22331,passed
attention-gqa,bfloat16,20260803,1,1.047,2.147,11,21824,passed
attention-gqa,float16,20260803,1,1.04,2.154,11,21824,passed
attention-gqa-tail-1025,bfloat16,20260803,1,5.831,12.654,15,21824,passed
attention-gqa-tail-1025,float16,20260803,1,5.823,7.057,11,21824,passed
attention-noncausal-additive,bfloat16,20260803,1,0.115,1.085,9,22080,passed
attention-noncausal-additive,float16,20260803,1,0.106,1.103,14,22080,passed
attention-noncausal,bfloat16,20260803,1,0.108,1.025,11,21568,passed
attention-noncausal,float16,20260803,1,0.103,1.069,5,21568,passed
attention-padding,bfloat16,20260803,1,0.116,1.098,7,22331,passed
attention-padding,float16,20260803,1,0.115,1.093,11,22331,passed
attention-prefill,bfloat16,20260803,1,0.258,1.296,9,30016,passed
attention-prefill,float16,20260803,1,0.256,1.295,9,30016,passed
attention-prefill-llama-2-7b,float16,20260803,1,8.999,10.067,8,21824,passed
attention-prefill-tail-1025,bfloat16,20260803,1,0.261,2.799,0,30528,passed
attention-prefill-tail-1025,float16,20260803,1,0.258,10.861,8,30528,passed
attention-prefill-tail-1031,bfloat16,20260922,1,0.264,1.21,5,30528,passed
attention-prefill-tail-1031,float16,20260803,1,0.264,4.199,4,30528,passed
attention-sliding-window,bfloat16,20260803,1,0.316,1.353,8,22591,passed
attention-sliding-window,float16,20260803,1,0.318,7.14,10,22591,passed
attention-valid-kv-prefix,bfloat16,20260803,1,0.256,1.31,0,30528,passed
attention-valid-kv-prefix,float16,20260803,1,0.258,1.317,0,30528,passed
batch-shared-rhs-gemm,float16,20260803,1,0.721,1.996,2,28032,passed
batch-shared-rhs-gemm-tail-1025,float16,20260803,1,1.412,2.786,12,44870,passed
biased-conv,float16,20260803,1,1.614,5.505,10,53168,passed
biased-conv-tail-1025,float16,20260803,1,1.66,7.135,0,53296,passed
biased-conv-tail-1031,float16,20260803,1,1.67,10.979,9,53296,passed
conv-mixed-dag,bfloat16,20260803,1,0.517,1.715,1,22368,passed
conv-mixed-dag,float16,20260803,1,8.343,16.257,6,22240,passed
division,float32,20260803,1,0.019,0.925,1,20800,passed
division-tail-1025,float32,20260803,1,0.019,3.334,9,21472,passed
division-tail-1031,float32,20260803,1,0.018,2.94,8,20896,passed
heterogeneous-tiling-dataflow,float16,20260803,1,0.066,1.106,7,21984,passed
llama-2-7b-single-layer-lm,bfloat16,20260803,1,64.41,68.385003,7,1854124,passed
llama-2-7b-single-layer-lm,float16,20260803,1,63.457,67.497999,7,1854124,passed
local-conv,float16,20260803,1,0.124,3.298,8,20800,passed
local-conv-tail-1025,float16,20260803,1,0.155,1.168,0,20880,passed
local-conv-tail-1031,float16,20260803,1,0.135,10.515,12,20800,passed
local-reduce,float16,20260803,1,0.034,0.914,4,21136,passed
local-reduce-tail-1025,float16,20260803,1,0.035,0.884,4,21264,passed
local-reduce-tail-1031,float16,20260803,1,0.033,0.915,10,21264,passed
reduce-scatter-sum,float16,20260803,1,0.036,0.945,8,20288,passed
reduce-scatter-sum-tail-1025,float16,20260803,1,0.036,5.48,6,20766,passed
reduce-scatter-sum-tail-1031,float16,20260803,1,0.037,0.887,9,20562,passed
resnet18,float16,20260803,1,10.797,19.381001,4,830320,passed
sigmoid,float16,20260803,1,0.032,0.941,7,20288,passed
sigmoid-tail-1025,float16,20260803,1,0.036,0.977,12,20768,passed
sigmoid-tail-1031,float16,20260803,1,0.036,11.945,10,20576,passed
single-card-gemm,float16,20260803,1,0.067,1.053,9,20800,passed
single-card-gemm-m4096-k1024-n4096,bfloat16,20260803,1,2.286,3.598,12,28032,passed
single-card-gemm-tail-1025,float16,20260803,1,0.072,1.216,12,21562,passed
single-card-gemm-tail-1031,float16,20260803,1,0.062,1.016,12,21274,passed
vit-encoder-block,float16,20260803,1,12.714,19.681,14,609408,passed
vit-encoder-block-tail-1025,float16,20260803,1,12.953,23.738,3,612344,passed
attention-prefill-28-heads-4096,bfloat16,20260803,1,8.951,11.796,10,21824,passed
attention-prefill-28-heads-4096,float16,20260803,1,8.954,11.429,11,21824,passed
